id,lat,lng,address,price,city,home_owner_id
1,-32.6626805,-58.1295074,6 Colorado Road,50.2,San Javier,1
2,39.3822864,48.3501725,5 Leroy Terrace,77.7,Bīleh Savār,2
3,-8.6836833,-35.2807624,3847 Monument Trail,73.5,Rio Formoso,3
4,32.174202,34.802932,13 Westridge Center,75.3,Herzliya Pituah,4
5,25.771635,111.170552,65 Macpherson Alley,40.7,Hualingang,5
6,51.50008,-107.05128,3444 Canary Circle,2.8,Outlook,6
7,27.9687584,68.6404324,468 Service Way,66.9,Shikārpur,7
8,45.056443,43.6468877,263 Elka Parkway,7.9,Burlatskoye,8
9,25.0479835,-77.355413,71 Canary Drive,71.5,Nassau,9
10,38.2122481,140.3246377,6786 Luster Junction,68.0,Iida,10
11,13.3913889,-16.6525,5 Arizona Alley,65.2,Abuko,11
12,43.8699654,21.0688871,327 Melody Park,27.6,Rekovac,12
13,-6.987872,112.1966734,8 Scoville Junction,81.5,Kujung,13
14,33.8088596,35.6599267,8 Loftsgordon Hill,77.5,Bhamdoûn el Mhatta,14
15,61.228665,14.040054,65 Elgar Court,91.9,Älvdalen,15
16,46.990055,3.160773,0307 Dwight Point,12.1,Nevers,16
17,-6.9796136,110.4269535,96671 Pleasure Alley,80.7,Gabahan,17
18,23.0818155,-82.3072013,444 Scofield Center,64.5,San Miguel del Padrón,18
19,52.7066595,21.2481067,29227 Tennessee Crossing,51.2,Obryte,19
20,43.7071168,44.643763,1 Westend Place,90.8,Kiyevskoye,20
21,36.776378,121.158434,25348 Anderson Pass,64.0,Haiyang,21
22,56.9335219,24.2886319,4 Kipling Court,39.8,Ulbroka,22
23,34.326903,108.117456,3183 Walton Pass,18.9,Wugong,23
24,58.9764624,47.0220321,67008 Londonderry Road,27.7,Bogovarovo,24
25,65.059972,-13.9922895,5 Rutledge Pass,8.0,Eskifjörður,25
26,7.9929954,-10.9524441,89 Steensland Park,62.1,Segbwema,26
27,37.2980237,127.6371628,86934 Kinsman Trail,24.9,Yeoju,27
28,30.862289,103.915953,3250 Ohio Drive,31.8,Sandao,28
29,40.3733802,71.7978333,6847 Saint Paul Way,30.8,Fergana,29
30,43.8793185,41.4584783,94057 Raven Place,56.3,Storozhevaya,30
31,51.3870782,28.8660119,54972 Beilfuss Street,17.2,Pershotravneve,31
32,32.4464635,62.1454133,4 Amoth Alley,49.9,Farah,32
33,55.612118,-2.7795629,865 West Avenue,8.1,Gala,33
34,32.061895,102.990108,1348 Gina Place,33.9,Heishui,34
35,54.6410525,22.7575987,47996 Pierstorff Park,14.9,Kybartai,35
36,62.4070944,17.2494041,33235 Clove Park,43.9,Sundsvall,36
37,8.909013,-75.9579358,73925 Coleman Trail,83.5,Cereté,37
38,41.1214256,-8.6080715,00232 Packers Crossing,99.2,Vila Nova de Gaia,38
39,60.2705509,24.9883305,53 Hanover Avenue,8.9,Broby,39
40,24.9936281,121.3009798,75 Grim Park,97.7,Taoyuan,40
41,5.6165948,7.0364022,52 Sachs Hill,87.8,Orodo,41
42,38.430793,100.812859,8050 Troy Court,22.7,Minle,42
43,40.505361,80.461556,294 Starling Road,66.7,Wuluquele,43
44,30.54251,119.9774,130 Chive Point,14.4,Deqing,44
45,37.045911,111.831552,7215 Sherman Street,17.6,Lingbei,45
46,49.6574026,19.4151148,78 Eliot Hill,15.0,Pewel Wielka,46
47,14.838448,120.3466175,7553 Cottonwood Circle,94.6,Tipo-Tipo,47
48,49.6428895,100.1771896,8 Sachs Alley,70.7,Mörön,48
49,-31.4564169,-64.2128798,91 Myrtle Crossing,80.2,La Banda,49
50,34.0236518,113.8059154,279 Stuart Alley,64.2,Xuji,50
51,48.7266786,40.3751274,023 Farwell Crossing,73.4,Tarasovskiy,51
52,34.675197,103.498609,2 Quincy Trail,46.9,Baitu,52
53,41.245445,119.4015739,0 Kensington Junction,49.5,Lingyuan,53
54,4.338952,-73.938919,18 Dennis Place,32.6,Fosca,54
55,37.347409,115.965874,62273 Badeau Trail,96.5,Gucheng,55
56,10.266893,123.949939,61 Florence Place,64.9,Cogon,56
57,49.966515,19.177858,1 Linden Plaza,92.1,Brzeszcze,57
58,36.494701,117.861851,66746 Bluejay Hill,2.2,Boshan,58
59,-6.4296,105.935,283 Riverside Plaza,96.3,Kadusirung Hilir,59
60,-23.7082237,-46.415128,46 Southridge Lane,57.7,Ribeirão Pires,60
61,-7.0967,113.6588,3542 Warbler Avenue,73.2,Mrongi Daja,61
62,48.6769923,22.3927591,11 Harbort Circle,42.5,Nevyts’ke,62
63,-7.3174629,111.7614661,58 Acker Street,67.6,Bojonegoro,63
64,59.2423602,14.4352781,0 Cambridge Pass,40.8,Karlskoga,64
65,33.999466,-117.6834051,12 Jenifer Drive,87.3,Fenchen,65
66,-17.543301,-70.017471,9 Hansons Plaza,3.6,Estique,66
67,-21.1877747,-41.8799408,31126 Havey Lane,91.6,Itaperuna,67
68,53.7352,30.2625,3019 Pond Court,51.9,Dashkawka,68
69,40.5,90.5,0 Meadow Valley Way,29.3,Lop,69
70,49.47512,-123.75903,730 Summit Place,83.4,Sechelt,70
71,-25.1169056,-49.5076392,2 Claremont Center,94.8,Itaperuçu,71
72,26.948759,113.791708,7310 Melby Avenue,33.5,Gaolong,72
73,28.430921,115.969683,66 Grim Parkway,77.4,Xiangtang,73
74,39.0284006,-9.3200883,21086 Morningstar Lane,94.0,Freiria,74
75,29.98784,107.621139,96429 Superior Street,9.7,Shetan,75
76,26.853097,109.386371,16 Ryan Pass,32.2,Luci,76
77,1.424768,103.6487041,84371 Steensland Street,3.2,Nusajaya,77
78,50.2044695,15.7510575,88 Pond Place,96.0,Stěžery,78
79,-40.8114375,-65.0904567,07160 Oak Valley Plaza,75.3,Mainque,79
80,-22.9916783,-45.5651683,4469 Fisk Court,43.0,Tremembé,80
81,53.1570421,30.4606679,3 Sullivan Drive,54.2,Dowsk,81
82,57.3132065,32.0880477,7 Tennessee Junction,28.4,Marevo,82
83,55.3226595,38.7095805,039 Pine View Drive,86.3,Rudnichnyy,83
84,13.2838698,5.4201377,9 Mallory Park,34.8,Wurno,84
85,28.6448398,15.9699878,718 Dunning Junction,86.2,Hūn,85
86,45.3151096,-72.661835,81 Rieder Parkway,6.4,Bromont,86
87,19.3947363,-70.5263459,8 Erie Center,76.3,Salcedo,87
88,-6.9667234,108.6699011,4056 Clyde Gallagher Lane,64.0,Cieurih Satu,88
89,-31.5469052,29.0213682,72 Killdeer Road,89.5,Libode,89
90,41.6764745,42.7085996,1 Stang Alley,90.1,Adigeni,90
91,-8.2637032,113.5371368,33923 Buhler Park,55.4,Balung,91
92,52.8119141,126.5464162,889 Clove Parkway,86.1,Sivaki,92
93,48.9098794,2.2829955,2839 Alpine Street,15.7,Nanterre,93
94,38.914003,121.614682,12715 Dwight Way,80.6,Dalan,94
95,17.3026058,-62.7176924,6 Farragut Street,46.4,Basseterre,95
96,30.839274,104.406708,61 Monterey Junction,26.1,Buyun,96
97,-26.1447959,-49.2435998,5782 Holy Cross Road,68.5,Campo Alegre,97
98,35.490701,112.851831,6 Helena Drive,31.5,Jincheng,98
99,48.3908952,22.5431871,6948 Briar Crest Circle,3.9,Strabychovo,99
100,-23.2218772,-44.7235076,14 Novick Way,4.6,Paraty,100
101,-7.0519444,110.7480064,7 Oakridge Circle,8.0,Godong,101
102,27.6791846,30.7738154,71 Dayton Center,13.1,Tanda,102
103,43.513695,26.1390805,37 Hanover Junction,4.0,Opaka,103
104,-11.8163553,-75.4534081,931 Dawn Alley,5.9,Muquiyauyo,104
105,43.5958543,5.1190026,140 Marcy Parkway,73.9,Salon-de-Provence,105
106,34.6850948,138.1992472,59734 Forster Court,68.9,Sagara,106
107,3.6711541,98.6270628,6046 Gerald Lane,35.5,Labuhan Deli,107
108,41.5776315,-6.2216678,69434 Lindbergh Way,35.6,Paradela,108
109,38.4331962,-28.4586574,4150 South Terrace,85.1,São Mateus,109
110,-7.3676762,112.605342,4 Fair Oaks Hill,10.8,Segoro,110
111,-8.2010401,114.9739344,4 Huxley Court,2.8,Tampekan,111
112,58.8049634,17.1339232,43 Veith Center,31.5,Nyköping,112
113,4.3578737,-75.5043761,1 Oak Valley Trail,6.2,Cajamarca,113
114,44.8501354,-0.5702805,297 Hudson Crossing,65.0,Bordeaux,114
115,48.0885087,0.2075745,5 Fulton Alley,42.6,Montreuil,115
116,60.6815788,17.1350993,1 Longview Trail,22.8,Gävle,116
117,60.3588201,22.2240066,62324 Kim Alley,88.6,Turku,117
118,-7.0921189,111.6630914,22 Florence Parkway,31.8,Tambakmerak,118
119,50.2620534,22.4210807,126 Loftsgordon Trail,8.6,Leżajsk,119
120,41.420018,128.200789,3 Springview Junction,20.3,Changbai,120
121,56.346821,30.538999,6 Oak Road,52.9,Velikiye Luki,121
122,-6.9891618,111.3068594,515 Forest Court,65.3,Gotputuk,122
123,18.8826771,-96.935003,779 Onsgard Lane,86.1,Guadalupe,123
124,31.6095648,64.4082082,8 Kings Center,80.5,Lashkar Gāh,124
125,54.0691945,45.0923988,3365 Cottonwood Trail,77.8,Zykovo,125
126,32.018685,120.835617,7622 Dixon Plaza,11.4,Rengang,126
127,39.864867,79.069332,34458 Dapin Place,90.5,Tumxuk,127
128,39.618469,117.407783,4 Linden Lane,73.9,Heilangkou,128
129,29.04797,105.944081,2974 Lakeland Way,14.4,Bashan,129
130,11.2328036,122.5666402,3323 Norway Maple Park,17.6,Bingawan,130
131,2.100305,101.642899,6 Sauthoff Avenue,75.7,Pejek,131
132,46.8330256,-0.7845859,8 High Crossing Way,71.3,Pouzauges,132
133,13.8018124,8.98527,4095 Trailsway Drive,66.9,Zinder,133
134,-46.2763744,168.3661011,27365 Eagle Crest Street,65.2,Rothesay Bay,134
135,-6.1560113,106.90896,73652 Mallard Road,85.6,Laka,135
136,18.4091399,-70.031039,118 Cottonwood Alley,1.3,Bajos de Haina,136
137,13.724167,123.5403713,46087 Alpine Court,12.3,San Ramon,137
138,-8.9444808,-35.2807624,221 Katie Alley,14.3,Maragogi,138
139,-8.2922696,120.4415242,0 Forest Run Junction,67.7,Wangkung,139
140,10.431916,-64.183316,99 Gale Road,54.5,Cumaná,140
141,10.9455193,122.5100535,24 Forest Court,14.8,Janiuay,141
142,-15.1838408,-72.9061903,98 Burrows Avenue,7.4,Mungui,142
143,22.483182,113.916509,866 Raven Court,28.1,Shekou,143
144,50.6614767,14.2734313,672 Morningstar Road,28.2,Čáslav,144
145,14.8465342,-88.3032755,57 Mockingbird Circle,31.4,Arada,145
146,38.8426524,-9.1289108,0 Kinsman Way,53.7,São Julião do Tojal,146
147,45.9033267,4.934624,11378 Pleasure Road,45.6,Bourg-en-Bresse,147
148,47.25,-122.44,05 Kensington Street,37.0,Tacoma,148
149,-26.0798,27.72907,398 Paget Circle,72.2,Krugersdorp,149
150,21.861787,111.955059,304 Ruskin Hill,68.6,Jiangcheng,150
151,-21.4152377,-50.0773225,9 Clyde Gallagher Trail,10.8,Penápolis,151
152,44.025555,1.378056,99270 Dunning Crossing,34.3,Montauban,152
153,33.120053,117.939854,4129 Brentwood Parkway,73.1,Jingtou,153
154,21.270702,110.359368,89 Moland Park,57.7,Zhantang,154
155,35.505943,117.640352,5412 Hovde Lane,6.0,Pingyi,155
156,53.3800563,18.946898,3777 Kedzie Park,91.9,Radzyń Chełmiński,156
157,31.018498,109.463987,01239 Heath Road,34.4,Fenjie,157
158,48.9339587,23.1684533,7 Melby Lane,88.9,Krasne,158
159,-21.5320586,-42.4528138,9207 Superior Plaza,44.8,Recreio,159
160,30.453667,114.872199,1 Little Fleur Alley,3.9,Huanggang,160
161,22.714565,113.145504,45391 Pearson Trail,89.8,Jun’an,161
162,30.931792,118.750903,00094 Oak Valley Center,53.3,Xuanbao,162
163,59.3771328,18.0104218,9617 Kennedy Court,33.0,Solna,163
164,10.0342937,126.0415372,828 Declaration Plaza,78.6,Santa Monica,164
165,23.764143,115.969501,938 Pierstorff Junction,78.5,Baxiangshan,165
166,-43.6337764,171.6468521,20842 Southridge Street,2.4,Methven,166
167,32.7827213,131.1627748,38 Larry Pass,86.4,Ise,167
168,44.7771057,33.5458805,70841 Utah Parkway,50.6,Kacha,168
169,52.415113,13.1468678,25004 School Point,51.6,Berlin,169
170,41.0394733,-8.5310302,73746 Lakewood Lane,91.5,Moses,170
171,5.4745106,-3.2030756,90 Nelson Hill,59.9,Aboisso,171
172,26.731743,115.622147,9670 Tomscot Lane,4.9,Jiantian,172
173,45.44588,-73.7693013,556 Oakridge Avenue,62.0,Dorval,173
174,57.8567021,45.7774009,642 Lake View Center,53.9,Vetluga,174
175,13.6867437,123.1989968,902 Tony Point,29.5,Bombon,175
176,36.9382393,136.8170714,16 Hanson Lane,5.1,Hakui,176
177,28.79937,113.091683,22 Oxford Street,23.6,城郊,177
178,-21.5679739,-45.7142063,840 Paget Hill,72.1,Paraguaçu,178
179,57.7193237,11.9120278,65 Old Gate Road,38.2,Arboga,179
180,-5.9127393,29.1913918,8 Thompson Avenue,26.9,Kalemie,180
181,39.952319,119.598195,4 Twin Pines Circle,44.2,Jiujie,181
182,22.5142785,103.8788769,419 Roxbury Drive,79.4,Tatrang,182
183,39.5861006,-9.0301824,745 Boyd Crossing,90.2,Valado dos Frades,183
184,39.0063718,117.6852235,3 Leroy Avenue,89.8,Xingang,184
185,-6.9818839,110.447063,55 Mayfield Hill,75.4,Gayamsari,185
186,49.8905368,2.3081396,652 Grayhawk Junction,46.8,Amiens,186
187,25.8535635,-80.1484407,222 Del Sol Street,30.7,Miami Beach,187
188,-20.4363727,-51.3050851,102 Kingsford Terrace,20.1,Ilha Solteira,188
189,27.027081,117.694969,21 Express Avenue,1.2,Chenfang,189
190,50.2969058,26.8600648,0 8th Alley,42.6,Slavuta,190
191,38.7046686,-9.3513499,53255 Merry Junction,19.5,Zambujal,191
192,44.0854864,43.1007634,294 3rd Center,3.3,Zheleznovodsk,192
193,28.572029,109.482078,8175 Raven Way,72.5,Huyuan,193
194,13.6441828,4.0337846,539 Bluejay Drive,34.9,Dogondoutchi,194
195,-22.8636192,-42.3336313,7873 Marcy Point,58.6,Araruama,195
196,49.8970603,22.509917,4135 Schmedeman Circle,75.8,Kramarzówka,196
197,22.919769,113.618216,559 Eastlawn Circle,71.3,Shatian,197
198,8.5147676,-82.4265217,9663 Warbler Point,77.6,Los Algarrobos,198
199,50.0628163,19.722311,93 Laurel Center,4.2,Mników,199
200,29.099294,119.692696,30535 Di Loreto Point,93.9,Jindong,200
201,-19.6189005,-44.0404979,74 Forest Junction,37.7,Pedro Leopoldo,201
202,31.2028365,121.4379074,9519 Judy Circle,98.8,Jishi,202
203,-28.2252,28.30652,9 Muir Hill,33.9,Bethlehem,203
204,32.318255,109.715304,5599 Hoffman Alley,60.7,Zhuxi,204
205,39.974179,116.293727,0196 Vera Hill,98.2,Duobagou,205
206,-7.025202,107.5259078,4262 Sutteridge Plaza,4.8,Soreang,206
207,32.53292,110.983684,660 Talmadge Way,51.6,Liuliping,207
208,36.5292176,-6.2940354,43 Portage Circle,57.9,Cadiz,208
209,7.5670301,99.745565,3796 Ridgeway Hill,37.1,Na Yong,209
210,-22.6148577,-46.7057601,4 Tomscot Hill,53.3,Serra Negra,210
211,-21.4803962,-56.1494143,40 Duke Road,98.9,Jardim,211
212,49.4006213,1.1150619,0890 Derek Circle,64.5,Sotteville-lès-Rouen,212
213,12.5200531,124.5372661,5 Haas Junction,42.8,Bobon,213
214,4.338952,-73.938919,0436 Hoffman Crossing,96.0,Fosca,214
215,39.974179,116.293727,0575 Havey Terrace,30.8,Bagou,215
216,47.5962342,21.6426843,38 Milwaukee Parkway,54.3,Debrecen,216
217,51.7173795,15.4240467,4 Green Lane,22.0,Brzeźnica,217
218,12.9229652,13.5639377,005 4th Center,16.3,Kukawa,218
219,-5.387502,26.9911288,536 Vera Lane,63.7,Kongolo,219
220,29.831643,120.307334,7 Katie Street,16.4,Jiangzao,220
221,-9.3863122,-37.9926586,5 Southridge Junction,21.8,Delmiro Gouveia,221
222,25.2747395,110.2979995,94 Sloan Way,56.7,Chenji,222
223,35.0702051,118.2536287,917 Esker Place,43.3,Jiefang,223
224,56.3181237,36.5573127,397 Barnett Center,95.3,Vysokovsk,224
225,57.3921266,63.7602594,410 Brown Hill,71.5,Baykalovo,225
226,30.072087,121.050167,326 Eliot Hill,1.1,Mazhu,226
227,9.4387872,-70.490794,08293 Stuart Junction,65.2,Pampanito,227
228,45.1616228,17.9293975,2 Jackson Circle,4.7,Slobodnica,228
229,-27.9424308,153.3970962,38 Ramsey Pass,3.3,Sydney,229
230,8.5395253,4.4735386,11279 Straubel Court,88.0,Madala,230
231,44.3200232,15.1873721,8094 Crest Line Hill,60.4,Smokvica,231
232,40.0115285,-119.6962677,2 Alpine Alley,81.8,Reno,232
233,23.701262,117.430061,0 Schiller Way,10.0,Dongshe,233
234,-8.802,121.3118,41706 Spohn Place,3.1,Bhokadoke,234
235,45.1364794,20.0820648,66 Atwood Way,76.6,Beška,235
236,42.4782102,78.3955986,740 Waywood Street,56.9,Karakol,236
237,-6.9870354,107.7547383,35 Talisman Place,26.4,Bojongloa,237
238,26.489902,113.772655,3 Melrose Plaza,39.4,Yanling,238
239,43.8384389,126.6028353,04590 Duke Court,92.1,Longhuashan,239
240,37.6883607,22.7120308,0852 Debs Court,7.0,Koutsopódi,240
241,34.208655,107.788999,8874 Stephen Junction,63.7,Jinqu,241
242,44.7074706,18.4918915,9 Bashford Park,34.3,Srebrenik,242
243,-2.763864,101.3338009,00230 Summit Road,10.1,Bantal,243
244,36.504083,138.1146139,22 Iowa Trail,39.3,Suzaka,244
245,39.4365442,-9.2134149,6846 Hallows Circle,46.2,Foz do Arelho,245
246,53.2085624,36.7528817,5 Eastlawn Lane,20.6,Orël,246
247,10.0342937,126.0415372,8 Division Hill,18.3,Santa Monica,247
248,19.4458447,-99.1497664,28 Mallard Trail,81.9,Buenavista,248
249,35.8712549,120.0058196,88 Sunnyside Street,47.9,Yuqi,249
250,15.5379,120.6385,79527 Arrowood Street,4.1,Bakulong,250
251,-0.5107264,-78.5717631,9 Memorial Plaza,88.4,Machachi,251
252,7.8357065,-80.3964824,281 Mallory Parkway,38.0,Agua Buena,252
253,8.2758676,-70.7659102,032 Bay Terrace,37.3,Bum Bum,253
254,-8.1022828,113.8911914,5 Hovde Pass,55.0,Cumedak,254
255,53.9152969,27.5503205,402 Hanover Place,71.1,Hotsk,255
256,19.5037694,-99.1324282,50 Armistice Avenue,99.2,Lindavista,256
257,43.6368159,-79.7119419,23 Golf View Center,12.6,Mississauga,257
258,55.1536343,72.6937323,67430 Fuller Park,36.9,Lyubinskiy,258
259,33.0517157,68.0149609,508 Sutteridge Lane,54.9,Ḩājī Khēl,259
260,38.5503082,141.1382005,61800 Manufacturers Place,4.1,Wakuya,260
261,57.033151,22.7767899,35703 Division Avenue,51.8,Kandava,261
262,-25.0913166,-57.527801,2 Welch Court,32.1,Villa Hayes,262
263,24.111841,112.910406,7 Mesta Lane,77.9,Yanbei,263
264,58.2730218,13.1994008,30 Bayside Terrace,8.5,Kvänum,264
265,-8.1495,113.2778,9 3rd Center,40.2,Krajan Dua Dawuan Wetan,265
266,-0.8086425,-47.4882762,98 Mcbride Park,67.3,Maracanã,266
267,40.9314367,20.0032794,50 Goodland Hill,72.3,Mollas,267
268,-8.3010912,112.1489829,1 Anthes Point,66.9,Tambakrejo,268
269,-0.8406658,-80.1596041,00 Golf View Circle,43.8,Calceta,269
270,-5.1291727,-67.1894488,6681 Leroy Terrace,37.7,Carauari,270
271,47.61,-122.33,57 Briar Crest Way,4.4,Seattle,271
272,39.419036,117.644144,19 Dakota Way,63.0,Gaojingzhuang,272
273,31.9750078,73.6032755,190 Brickson Park Way,80.8,Kāleke Mandi,273
274,60.2025952,24.904004,15 Summit Alley,69.2,Pargas,274
275,10.63468,119.3311089,80 Kings Street,6.4,Alemanguan,275
276,43.9071313,125.3462629,3 Warbler Way,89.5,Ruihong,276
277,39.500179,118.874552,90395 Pepper Wood Park,54.0,Daliuhang,277
278,37.9209684,21.2374124,524 Claremont Trail,84.8,Mirsíni,278
279,33.5915355,-101.8482479,7681 Ruskin Crossing,73.0,Lubbock,279
280,-0.572629,30.41563,360 Loomis Drive,98.8,Kibingo,280
281,-9.9831,124.1849,8 Longview Point,66.5,Oebai,281
282,39.626223,106.870444,871 3rd Road,28.7,Qabqir,282
283,57.0684709,24.3394019,3 Main Drive,40.3,Ādaži,283
284,45.1934857,5.7218985,63020 Golf Course Way,95.9,Grenoble,284
285,39.4977854,20.2749783,1 Mifflin Point,27.7,Graikochóri,285
286,44.840524,82.353656,945 Grasskamp Circle,79.3,Shuanghe,286
287,-28.1999491,-51.5303101,2 Jackson Parkway,6.6,Lagoa Vermelha,287
288,28.906106,111.970514,7 Lake View Point,52.8,Hanshou,288
289,38.6319438,-9.0477594,03982 Raven Park,6.0,Palhais,289
290,49.44998,-112.65185,4106 Spohn Lane,98.8,Raymond,290
291,25.941937,117.365052,5363 Mcguire Circle,96.8,Yong’an,291
292,41.2696994,-8.5743985,7 Northridge Court,5.7,Água Levada,292
293,-7.1281508,-76.6506567,38 Southridge Point,45.7,Ledoy,293
294,38.071659,114.275059,6 Quincy Center,8.2,Bailuquan,294
295,18.31173,-71.16145,6 Weeping Birch Circle,54.2,Jaquimeyes,295
296,-8.4428564,112.6973355,93 Prairieview Lane,32.0,Sempu,296
297,-7.0448067,109.1474718,20 Union Terrace,15.4,Kedungbanteng Krajan,297
298,23.020673,113.751799,026 Nova Hill,27.6,Dongwan,298
299,-8.1031,112.6167,6841 Vera Lane,16.0,Sukonolo Krajan,299
300,21.604364,110.856592,513 Knutson Terrace,67.5,Zhencheng,300
301,-21.0504707,55.2828404,77 2nd Circle,87.5,Saint-Paul,301
302,29.722611,118.339653,241 Westerfield Hill,44.1,Tunguang,302
303,59.2914848,18.0916533,40 Dennis Parkway,68.8,Johanneshov,303
304,3.2515532,19.7770261,6 Anthes Pass,99.3,Gemena,304
305,39.191987,113.425489,4194 Glacier Hill Plaza,87.4,Guangyubao,305
306,27.756339,112.555087,75137 Melody Lane,57.4,Dongjiao,306
307,-7.1281508,-76.6506567,06116 Mallard Way,31.6,Ledoy,307
308,23.460728,113.151596,054 Huxley Park,41.9,Shiling,308
309,22.654032,110.18122,5 Macpherson Park,52.0,Yulin,309
310,48.819324,2.394771,6 Stuart Plaza,2.6,Ivry-sur-Seine,310
311,29.9588757,30.9006905,8 Knutson Alley,7.9,Madīnat Sittah Uktūbar,311
312,50.8290179,12.872972,66499 Nelson Alley,18.0,Chemnitz,312
313,-34.8435213,-58.6516777,9 Montana Drive,74.6,Huillapima,313
314,54.71681,-115.40226,4080 Lighthouse Bay Pass,48.8,Swan Hills,314
315,40.9392676,46.3748931,77 Pankratz Park,75.8,Qırmızı Samux,315
316,-6.4930095,106.3875898,80 Emmet Street,17.3,Gajrug,316
317,-41.2219337,174.8714559,66735 Burrows Drive,95.7,Lower Hutt,317
318,-8.1669161,112.5991372,825 Jenna Trail,51.8,Karangsuko,318
319,16.4359827,104.3559158,2898 Lerdahl Street,76.8,Mukdahan,319
320,26.893368,112.572018,2 High Crossing Center,17.2,Wengyang,320
321,-10.1749134,123.5972913,077 Anthes Alley,29.6,Naikoten Dua,321
322,-7.033304,113.5609459,11 Bayside Park,35.1,Pakong,322
323,39.0638705,-108.5506486,7607 Bultman Terrace,17.5,Grand Junction,323
324,49.83347,19.93965,98777 La Follette Way,61.5,Myślenice,324
325,21.4674584,-71.1389101,382 Magdeline Hill,56.2,Cockburn Town,325
326,33.1401715,119.7889248,90 Commercial Crossing,21.4,Jianggu,326
327,59.9494208,10.9243808,89 Truax Way,9.6,Oslo,327
328,-8.0299,113.8526,30 Schlimgen Park,52.8,Krajan Pocangan,328
329,50.7451251,14.3184521,4766 Scott Circle,56.5,Benešov nad Ploučnicí,329
330,28.79188,98.397783,565 Sommers Center,3.7,Erong,330
331,27.522069,116.336069,6269 Carpenter Way,15.8,Shangyuan,331
332,42.5969703,46.3340785,60049 Scott Circle,4.0,Karata,332
333,-28.2674857,-52.4626809,64574 Twin Pines Junction,64.1,Passo Fundo,333
334,16.109324,119.8289909,3831 Bobwhite Plaza,94.9,Bangan-Oda,334
335,-17.857298,-42.8583915,04443 Hazelcrest Way,49.8,Itamarandiba,335
336,-8.2304786,112.5476209,999 Forest Point,86.7,Kanigorokrajan,336
337,-38.9719333,-68.0439522,16951 Golden Leaf Plaza,69.8,El Quebrachal,337
338,50.7577772,22.1021741,73 Thierer Plaza,51.6,Zaklików,338
339,40.9937134,-8.2760021,03586 Forster Park,36.5,Real,339
340,5.0281872,118.3157161,451 Sullivan Circle,55.3,Lahad Datu,340
341,38.5733981,139.8280167,5 Union Trail,46.9,Sunagawa,341
342,58.8781209,14.9037055,02 Schlimgen Alley,76.3,Askersund,342
343,49.9637141,19.9370144,94 3rd Park,18.3,Kraśnik,343
344,54.8395772,37.6258923,00742 Graceland Hill,30.0,Pushchino,344
345,27.9424688,48.6614478,6732 John Wall Drive,24.2,As Saffānīyah,345
346,33.5147935,130.4936331,2895 Mcbride Court,41.6,Dazaifu,346
347,-8.2716375,111.7227125,7876 Spenser Place,12.1,Prigi,347
348,12.9447713,121.7248195,620 Macpherson Pass,96.7,Mahaba,348
349,23.5958633,120.2858846,97676 Superior Lane,62.4,Beigang,349
350,-7.5173045,110.5933862,71829 New Castle Road,50.9,Karanggeneng,350
351,35.6403478,63.309294,7 Washington Crossing,50.7,Bala Murghab,351
352,31.9852068,119.5719162,52 Eastlawn Lane,14.2,Linglu,352
353,23.614734,115.49047,7882 Gulseth Lane,93.5,Huayang,353
354,-23.3058194,-47.1367011,09836 Bartelt Circle,37.5,Cabreúva,354
355,28.822415,112.206429,8096 Cottonwood Avenue,98.4,Jiangjiazui,355
356,15.5997074,120.7234624,3 Mcbride Parkway,69.5,Calibungan,356
357,62.2666019,27.1252002,28 Lunder Hill,57.9,Pieksämäki,357
358,-8.2154626,115.376643,38 Oak Drive,85.8,Tabu,358
359,14.307125,-90.363048,0973 Gale Alley,37.2,Barberena,359
360,38.779525,70.0979491,8016 Gerald Road,63.4,Darband,360
361,14.0158972,121.3404269,75988 Little Fleur Alley,64.2,Solo,361
362,9.258006,123.281809,1386 Packers Crossing,90.5,Bacong,362
363,23.084827,113.290609,9 Kim Parkway,34.5,Hanfeng,363
364,21.0078386,105.9376756,4 Wayridge Parkway,80.7,Trâu Quỳ,364
365,-6.7191062,108.5329338,92 Harbort Parkway,20.0,Kedawung,365
366,43.8139627,1.9593782,46394 Oxford Parkway,43.5,Le Teil,366
367,22.568299,113.485598,57 Hooker Avenue,15.3,Zhongshangang,367
368,18.7338573,-72.4169377,680 Meadow Vale Place,89.6,Cabaret,368
369,60.8110019,21.4457309,5 Arizona Terrace,72.9,Uusikaupunki,369
370,-32.9413658,-60.652833,41829 Red Cloud Court,73.8,San Lorenzo,370
371,16.7572126,121.7504855,21 Sherman Terrace,31.0,Angadanan,371
372,40.7477848,-8.0752858,53 Waubesa Crossing,33.3,Várzea,372
373,43.952499,4.804022,42 Fairview Court,83.5,Avignon,373
374,16.1069981,108.2521815,6627 Burrows Crossing,47.6,Sơn Trà,374
375,20.8965838,-105.4093552,566 Gulseth Plaza,4.5,San Francisco,375
376,-29.899528,-50.247365,910 Towne Road,81.9,Osório,376
377,-17.1113356,-43.8203315,3 Southridge Center,66.1,Bocaiúva,377
378,39.0860093,-94.6321217,25933 Merrick Crossing,25.7,Kansas City,378
379,-6.3865373,107.4010519,351 Badeau Circle,63.0,Nangkasari,379
380,-8.8993,121.2901,253 Butternut Park,67.6,Maundai,380
381,-2.0242564,115.5444231,8272 Atwood Crossing,62.9,Haruai,381
382,18.4678653,-69.9791319,38 Thackeray Pass,89.3,Santo Domingo Oeste,382
383,26.0536124,119.2989496,25185 Lighthouse Bay Road,31.2,Baimaqiao,383
384,-21.6177232,-45.5818214,6 Porter Trail,31.3,Elói Mendes,384
385,-9.8251183,16.912251,6842 Mcbride Hill,28.9,Malanje,385
386,-5.1031698,-79.88468,615 Oak Valley Place,72.4,Paltashaco,386
387,-8.5934865,116.8969234,01 Esch Junction,25.2,Seteluk Tengah,387
388,13.401306,101.3658004,7115 Mesta Pass,71.1,Ko Chan,388
389,36.2761885,139.5356365,08 Vahlen Terrace,58.6,Ashikaga,389
390,20.585863,-100.384181,23 Anthes Street,5.9,Alameda,390
391,39.0390133,26.4565448,59171 Nevada Trail,11.5,Pappádos,391
392,35.5155989,24.1076107,2267 Tennyson Street,13.1,Pithári,392
393,16.7445704,100.1367166,830 Oneill Alley,94.5,Bang Rakam,393
394,54.914389,85.646652,44804 Twin Pines Alley,5.1,Promyshlennaya,394
395,54.026345,-7.297914,8 Springview Way,8.7,Cavan,395
396,32.38632,35.48084,551 Waxwing Way,14.2,Bardalah,396
397,23.744617,102.674499,809 American Crossing,89.3,Yuejin,397
398,42.92952,59.78199,1 Lighthouse Bay Way,12.7,Chimboy Shahri,398
399,48.0486753,38.45053,82421 Kings Pass,51.2,Shakhtars’k,399
400,42.0107787,128.0660957,48 Magdeline Lane,88.2,Tianchi,400
401,-23.7753206,-64.7701885,9 2nd Circle,6.3,Calilegua,401
402,-8.081766,-78.0883695,31466 Golf Course Parkway,67.7,Tambillo,402
403,25.464681,99.541236,60173 Northland Hill,73.7,Yongping,403
404,-37.0340769,-73.1404838,924 Messerschmidt Junction,4.1,Coronel,404
405,-7.5754887,110.8243272,93845 Forest Dale Hill,20.4,Olo,405
406,41.4884285,-8.6299298,66903 Comanche Plaza,86.7,Pereira,406
407,-8.5298984,115.5074108,3191 High Crossing Road,90.3,Padangbai,407
408,52.0563021,4.3610449,98 Debs Hill,57.3,Den Haag,408
409,36.1899557,117.1168644,5 Eagle Crest Drive,37.6,Hucheng,409
410,28.590337,105.697472,56787 Washington Trail,38.0,Chishui,410
411,-6.2948133,106.7205154,66 Anzinger Drive,25.7,Sawahbaru,411
412,30.911728,119.552359,0 New Castle Parkway,44.8,Jiepai,412
413,52.6446193,19.0339855,87 Fallview Place,25.9,Włocławek,413
414,59.3245933,17.9509504,342 Hoepker Circle,35.8,Bromma,414
415,23.1639193,113.3423334,1645 Farragut Crossing,13.2,Wudangshan,415
416,35.8523575,66.5223902,5171 Stang Court,79.7,Sang-e Chārak,416
417,30.0781136,102.7319467,42939 Anzinger Parkway,44.4,Qingshi,417
418,14.6921469,120.9617614,8 Kedzie Avenue,56.5,Bukid,418
419,34.1614163,-118.5090867,34 Hayes Parkway,76.5,Pingpo,419
420,57.779138,12.0602512,87 Center Trail,20.3,Angered,420
421,5.042569,-75.514771,4 Golf View Center,98.0,Villamaría,421
422,-7.7018672,112.548349,962 Miller Trail,51.4,Pacet,422
423,42.57495,123.16525,28720 Welch Pass,20.5,Xiguantun Muguzu Manzuxiang,423
424,37.4475393,25.3912281,8 Stone Corner Alley,55.3,Áno Merá,424
425,48.7980515,2.4882911,035 Esker Parkway,98.1,Créteil,425
426,48.3162239,24.9330262,88 Lindbergh Lane,24.5,Sheshory,426
427,-20.6639305,-43.7850227,61 3rd Parkway,47.9,Conselheiro Lafaiete,427
428,-6.948,113.1874,172 Fuller Place,28.5,Sebegen,428
429,35.0801925,-2.9475662,823 Stone Corner Alley,41.9,Selouane,429
430,41.2860336,19.8905149,3 Ryan Circle,79.8,Gurra e Vogël,430
431,-34.5151107,-58.4973265,47781 Packers Drive,69.9,Chacabuco,431
432,52.781689,6.9347107,72922 Westend Junction,9.9,Emmen,432
433,54.1407588,43.1704696,0 Shasta Crossing,37.5,Torbeyevo,433
434,50.0534923,5.9177071,851 Donald Parkway,51.0,Wincrange,434
435,26.547864,106.7716045,5479 Loomis Avenue,20.3,Jichang,435
436,-2.8800399,120.1242853,32906 Grover Avenue,57.4,Walenrang,436
437,-26.2219963,-51.0850684,643 Melrose Center,78.5,União da Vitória,437
438,41.1060534,-7.9642047,6505 Blackbird Court,57.6,Resende,438
439,-22.9506902,-42.0366974,1 Thackeray Court,36.8,Cabo,439
440,24.245418,112.047678,4 Birchwood Park,11.3,Shangshuai,440
441,44.3200232,15.1873721,3755 Darwin Trail,73.8,Smokvica,441
442,44.5590244,4.7447501,5 Eggendart Trail,32.8,Montélimar,442
443,-10.2122281,-36.8371852,657 8th Alley,72.7,Propriá,443
444,31.038781,114.5465571,063 Cherokee Terrace,65.8,Mi’ersi,444
445,-37.9707308,-57.6258993,286 Elka Plaza,84.3,Rawson,445
446,14.5937178,120.9676054,915 Sloan Place,99.9,Port Area,446
447,18.3637867,103.651666,69 Westend Drive,13.0,Bueng Kan,447
448,26.5241653,-77.0909809,354 Lien Center,5.1,Marsh Harbour,448
449,14.838448,120.3466175,03444 Hermina Street,57.3,Tipo-Tipo,449
450,54.4026022,22.0193739,314 Amoth Drive,86.7,Ozërsk,450
451,56.8744773,16.6629189,57686 Bellgrove Lane,53.1,Borgholm,451
452,9.1631736,-79.1040432,1 Washington Avenue,9.6,Chepo,452
453,-6.9789789,111.3888358,87768 Marcy Park,80.2,Tutup,453
454,30.815101,103.560075,53390 Autumn Leaf Drive,52.6,Jiezi,454
455,55.6817886,12.5375058,1 International Drive,2.0,Frederiksberg,455
456,41.4230192,20.2030313,144 Michigan Center,2.4,Martanesh,456
457,52.7060809,41.3951119,0 Utah Drive,58.2,Tambov,457
458,14.8823312,120.224318,58921 Spenser Drive,87.7,Subic,458
459,37.1773363,-3.5985571,5 Pennsylvania Drive,16.3,Granada,459
460,23.4069561,58.1252383,68 Orin Lane,21.1,Bidbid,460
461,45.5294991,4.6192695,35466 Fair Oaks Center,41.2,Rive-de-Gier,461
462,-10.0036656,-38.5690418,255 Carioca Court,23.0,Jeremoabo,462
463,49.4904742,11.0986834,9 Butterfield Street,51.4,Nürnberg,463
464,58.4542358,15.1073919,2071 Hollow Ridge Lane,50.4,Motala,464
465,43.0172612,17.5644335,94851 Jay Plaza,37.4,Opuzen,465
466,23.0356299,91.4828056,07486 Judy Junction,56.3,Feni,466
467,42.1608572,47.6332811,54 Corben Trail,45.2,Urkarakh,467
468,42.743284,123.35235,6 Oakridge Junction,78.8,Xuling,468
469,-35.229035,173.94869,04 Dwight Junction,17.9,Kerikeri,469
470,54.5412717,18.0936055,2580 Laurel Circle,75.6,Luzino,470
471,-32.1748082,-64.1108167,13355 Porter Drive,8.7,Río Tercero,471
472,5.7525387,-75.4810786,159 Alpine Crossing,52.3,Abejorral,472
473,38.7374207,-9.3390593,8 Delaware Junction,32.6,Trajouce,473
474,-6.5871,106.3903,32796 Montana Alley,77.2,Padurung,474
475,50.5878419,13.8083154,08840 Mockingbird Crossing,85.2,Hostomice,475
476,30.802718,108.398,55 Raven Drive,26.2,Nanbin,476
477,47.5962342,21.6426843,9793 Pennsylvania Pass,78.0,Debrecen,477
478,-21.5354088,-49.8569266,9602 Old Gate Road,50.0,Promissão,478
479,-18.4097245,-49.2162908,331 Anhalt Point,68.7,Itumbiara,479
480,39.4665574,-31.1474124,81 Fulton Road,19.3,Fazenda de Santa Cruz,480
481,11.3421375,-73.0405277,21839 South Drive,11.6,Ríohacha,481
482,-6.8447302,108.2427764,09789 Spenser Court,43.8,Cicurug,482
483,58.4249631,29.3677109,69 Anniversary Avenue,94.9,Plyussa,483
484,53.9215606,-6.4008792,743 Northridge Way,7.6,Dromiskin,484
485,19.4102526,-99.0073673,24436 Pearson Trail,88.7,Benito Juarez,485
486,24.479833,118.089425,529 Sherman Court,16.3,Xiema,486
487,38.504559,125.4946236,64903 Dexter Circle,91.2,Anak,487
488,48.8335842,2.3757659,390 Sherman Junction,6.6,Paris 13,488
489,-7.5989183,110.1317822,886 Northridge Center,5.8,Karang Kulon,489
490,33.8779889,132.2526506,7523 Forest Dale Trail,37.2,Aki,490
491,-7.3063645,110.1209019,3 3rd Terrace,90.4,Pengilon,491
492,32.5181019,120.2550167,848 Fairfield Hill,78.4,Baimi,492
493,-12.7389848,-73.8654295,232 Oxford Alley,15.6,Ayna,493
494,-23.2664186,-51.0527244,7 Delaware Way,76.4,Ibiporã,494
495,17.4792157,121.6180515,05 Vera Lane,84.7,Liwan,495
496,64.0615492,23.6542166,60625 Norway Maple Terrace,16.5,Himanka,496
497,31.30275,121.389084,8707 Red Cloud Court,92.7,Shiqiaotou,497
498,49.5642187,13.5559769,336 Lawn Circle,45.3,Stará Huť,498
499,31.8024122,12.3005803,77690 Washington Point,34.1,Az Zintān,499
500,36.4320046,127.3809362,4368 Commercial Lane,82.2,Songgang-dong,500
501,-8.9859417,116.7437518,99660 Continental Place,14.4,Sekongkang Bawah,501
502,-8.7318869,121.7423434,9075 Schiller Terrace,33.3,Detusoko,502
503,-7.0976672,109.0215438,05893 Larry Plaza,84.3,Margasari,503
504,44.8671415,4.9157564,88 High Crossing Alley,42.2,Lorient,504
505,-15.8146532,-47.9029793,443 Bowman Terrace,33.0,Xique Xique,505
506,6.1323473,8.0219738,4 Lake View Alley,58.0,Onueke,506
507,-8.132709,-78.0552079,1840 Brown Hill,37.4,Angasmarca,507
508,50.5332417,23.7255557,8221 Transport Parkway,16.0,Łaszczów,508
509,38.9003669,-77.0351137,7568 Huxley Way,83.1,Washington,509
510,0.4990124,29.4527538,52137 Hansons Street,20.5,Beni,510
511,51.098127,66.3165471,99265 Clove Plaza,57.3,Derzhavīnsk,511
512,31.6749725,-106.4181775,20 Oneill Hill,26.8,Independencia,512
513,36.284107,100.620031,48 6th Pass,72.4,Gonghe,513
514,61.6833669,96.3806203,9 Texas Hill,70.6,Baykit,514
515,54.3418823,10.1150681,2840 Buhler Center,19.4,Kiel,515
516,10.1709167,-66.8915809,62922 Onsgard Drive,46.8,Cúa,516
517,55.8038507,38.9815138,2 Kim Road,64.3,Orekhovo-Zuyevo,517
518,36.077544,120.008307,35776 Blue Bill Park Park,4.3,Wangtai,518
519,-8.7334983,121.7508912,261 Sachs Street,9.9,Wolofeo,519
520,-2.763864,101.3338009,9 Moulton Crossing,73.5,Bantal,520
521,39.596147,112.670816,2179 Miller Drive,77.4,Xialaba,521
522,47.01741,87.68753,4 Walton Junction,54.4,Kokagax,522
523,4.727773,-76.121514,105 Canary Place,43.6,Argelia,523
524,24.347782,116.695195,33335 Straubel Parkway,76.6,Dabu,524
525,47.2195152,-1.5651373,83 Hoffman Plaza,94.9,Nantes,525
526,20.7595709,-103.427389,9 Monument Lane,95.7,El Zapote,526
527,48.8610504,2.3237084,647 Anhalt Hill,3.2,Paris 11,527
528,30.6031858,104.1029064,48 Heffernan Avenue,17.9,Huangjing,528
529,51.8910459,-8.4242597,61161 Westend Alley,68.5,Moville,529
530,-31.7436794,-65.0052144,3 Fairview Parkway,43.6,Río Ceballos,530
531,13.7315145,100.5692601,91911 Comanche Hill,56.8,Watthana Nakhon,531
532,23.561556,101.273161,4845 Hanover Alley,77.1,Sansheng,532
533,41.2717724,-8.2890328,5 Blaine Way,82.5,Ponte Nova,533
534,54.194145,37.6912329,97165 Manley Plaza,75.2,Zvëzdnyy,534
535,48.509075,-2.7383235,326 Eagle Crest Lane,73.0,Saint-Brieuc,535
536,45.3663916,18.8926441,0157 Lien Terrace,59.7,Bršadin,536
537,30.4700383,119.784181,863 Hagan Parkway,46.3,Luniao,537
538,-14.33056,-170.75278,5364 Huxley Drive,80.5,Mapusagafou,538
539,37.452432,117.523761,33 Morrow Junction,62.9,Xiabao,539
540,39.0277832,-94.6557914,26406 Fordem Court,62.3,Shawnee Mission,540
541,-3.8171911,137.3315076,6368 Declaration Street,20.8,Beoga,541
542,55.6386983,13.1962394,435 School Drive,55.2,Staffanstorp,542
543,54.6312426,18.3642669,2882 Maryland Trail,96.1,Rekowo Dolne,543
544,44.7735327,65.5544515,069 Caliangt Plaza,6.9,Tasböget,544
545,22.543096,114.057865,5 Express Crossing,54.9,Hengxizhen,545
546,10.1866432,119.232122,71625 Hudson Place,35.3,Caramay,546
547,25.7564471,-80.2056382,56303 La Follette Trail,18.8,Miami,547
548,61.0962323,28.8780526,4087 Marquette Trail,63.1,Svetogorsk,548
549,34.363184,107.237743,01 Towne Road,44.9,Boji,549
550,39.1586587,-7.99645,90 Schiller Street,73.1,Galveias,550
551,-41.3336941,173.1927874,00664 Morrow Place,24.7,Richmond,551
552,-12.5183628,-39.0085346,6 Lunder Parkway,35.6,Conceição da Feira,552
553,13.1806725,-16.7559004,1524 Haas Hill,12.8,Gunjur,553
554,-7.42566,108.14323,841 Chinook Pass,45.0,Kiaranonggeng,554
555,45.087456,15.9258141,53 Riverside Court,88.2,Todorovo,555
556,-26.8751803,-52.4040853,1109 Loomis Pass,99.9,Xanxerê,556
557,49.5012266,14.5455675,982 Chinook Avenue,5.3,Jistebnice,557
558,35.90556,14.47611,258 Michigan Pass,31.7,Saint John,558
559,-8.237963,112.5513677,2121 Bobwhite Parkway,93.4,Sumberkertokrajan,559
560,36.56253,36.73828,720 Jackson Point,72.7,Al Ma‘baţlī,560
561,39.0638705,-108.5506486,1005 Everett Court,15.9,Grand Junction,561
562,49.757244,22.2174725,99742 Forest Dale Alley,89.2,Nozdrzec,562
563,35.008579,37.22551,09955 Cambridge Drive,57.7,Barrī ash Sharqī,563
564,56.7481754,61.3755425,827 Doe Crossing Way,5.3,Beloyarskiy,564
565,45.965631,121.86699,01094 Anhalt Street,99.6,Hulitu,565
566,35.6905313,105.0546075,84444 Gale Hill,32.8,Huishi,566
567,13.4817182,-86.4920736,865 Hayes Place,32.1,Yalagüina,567
568,19.5094038,-71.595154,71 Bartillon Way,63.7,Piedra Blanca,568
569,48.5851876,7.7342943,05428 Burrows Hill,32.3,Strasbourg,569
570,23.0861808,113.4943199,63 Aberg Avenue,33.6,Donglu,570
571,41.302157,123.7403542,33 Reindahl Court,93.4,Dingtou,571
572,53.3347847,78.3407084,698 Birchwood Way,45.7,Burla,572
573,32.9808142,130.5050825,51 Glacier Hill Hill,5.1,Ōmuta,573
574,44.6962724,39.8024873,01 School Point,28.5,Pshekhskaya,574
575,51.0994419,20.764923,4825 Sauthoff Terrace,95.1,Skarżysko-Kamienna,575
576,38.4700063,-9.1024534,4 Blue Bill Park Crossing,68.4,Cotovia,576
577,60.1946148,24.9584208,6346 Fairfield Lane,30.3,Pernå,577
578,55.675114,12.568064,1190 Melody Trail,58.8,København,578
579,7.9045188,4.3051542,77034 Banding Place,37.9,Ejigbo,579
580,28.3285373,109.6029048,9 Reinke Avenue,4.2,Aizhai,580
581,4.727773,-76.121514,47 Manitowish Court,64.4,Argelia,581
582,47.8417718,-0.3419882,386 American Ash Terrace,82.6,Sablé-sur-Sarthe,582
583,2.1961772,22.4708685,1000 American Ash Circle,70.7,Bumba,583
584,31.7659313,120.2951156,148 Cordelia Road,93.5,Xuxiake,584
585,46.614358,15.2255472,40313 Independence Road,62.0,Radlje ob Dravi,585
586,-7.8426533,110.3859913,3 Fieldstone Park,41.5,Tamanan,586
587,59.449371,18.1145597,2876 Elgar Hill,56.8,Täby,587
588,59.3405742,18.0667759,030 Mandrake Way,31.0,Stockholm,588
589,9.5713437,105.4495395,21 Sugar Trail,82.4,Thị Trấn Ngan Dừa,589
590,15.590487,120.6380367,33101 Spaight Center,35.5,Pura,590
591,-7.4212735,107.172085,77 Rigney Crossing,16.6,Sindangbarang,591
592,33.519545,-111.5468301,5971 Derek Park,26.0,Mesa,592
593,40.2074194,22.4387178,116 Westport Park,53.9,Ágios Spyrídon,593
594,-8.0060188,111.4207572,47000 Arapahoe Park,99.0,Banggel,594
595,35.941521,115.390471,201 Pine View Place,88.8,Guancheng,595
596,60.0190188,30.648656,4649 Monterey Trail,60.5,Vsevolozhsk,596
597,-7.37242,110.6973469,05 Caliangt Center,21.6,Blumbang,597
598,8.07,134.702778,802 Mayer Avenue,59.8,Kayangel,598
599,29.703113,107.389298,8 1st Road,58.7,Fuling,599
600,48.8706152,2.2289339,371 Orin Court,94.8,Suresnes,600
601,-9.8076,123.9023,9 Birchwood Court,76.6,Taimaman,601
602,-8.0401628,113.831703,94574 Anzinger Lane,29.4,Karangmelok,602
603,40.4843379,-7.8884665,390 Pawling Road,35.8,Vale de Madeiros,603
604,40.2309943,69.6869913,3 Old Gate Court,73.5,Chkalov,604
605,-33.5329865,-70.6351119,10613 Boyd Trail,81.8,La Eduvigis,605
606,22.863502,114.333767,18 Gina Terrace,45.4,Xinxu,606
607,9.9900623,-84.6667152,90447 Banding Avenue,37.6,Esparza,607
608,38.0473429,22.6834064,41220 Pearson Hill,82.6,Melíssi,608
609,45.3686282,16.5670285,895 Kensington Circle,59.3,Sunja,609
610,54.2407853,86.2093804,31707 Sage Terrace,29.0,Starobachaty,610
611,45.333333,96.65,025 Randy Court,51.6,Tahilt,611
612,28.1732341,68.0179319,84 Washington Junction,96.1,Alīābad,612
613,7.0086472,100.4746879,1559 Brickson Park Point,64.8,Hat Yai,613
614,-1.5200027,102.9435536,2661 Fieldstone Hill,52.2,Mersam,614
615,49.0525513,17.5271323,41064 Dapin Court,26.5,Popovice,615
616,38.9622585,-9.3855536,01 Kenwood Road,13.9,Casa Nova,616
617,-49.3496422,70.218004,89 Darwin Way,64.0,Port-aux-Français,617
618,40.496654,-74.446092,7260 Kinsman Crossing,19.7,New Brunswick,618
619,39.014268,-94.4027782,833 Vernon Plaza,69.8,Kansas City,619
620,37.2980237,127.6371628,4016 Charing Cross Place,64.7,Yeoju,620
621,-0.6209357,116.8097817,089 Lighthouse Bay Alley,86.0,Loakulu,621
622,-18.9549753,49.1082407,0549 Emmet Trail,59.0,Andovoranto,622
623,14.4066158,120.942358,75 Tony Avenue,40.0,Palanas,623
624,-9.916667,-75.783333,33 Rutledge Crossing,18.2,Huancapallac,624
625,44.202131,38.8907294,398 Reinke Avenue,15.5,Ol’ginka,625
626,30.572815,104.066801,9473 Division Terrace,44.8,Hengduo,626
627,23.1350488,113.29083,6 Union Avenue,85.5,Yishi,627
628,9.5700231,123.312382,938 Nelson Street,87.8,Ginatilan,628
629,36.8771299,27.2053498,5415 Westerfield Junction,47.6,Zipárion,629
630,30.304377,103.686294,2481 Gerald Avenue,22.5,Huilong,630
631,-5.4703809,-80.7477708,59 Basil Court,22.3,Bernal,631
632,33.8787981,10.850791,23 Fisk Park,10.4,Houmt Souk,632
633,41.2926473,110.3216026,281 Crest Line Parkway,84.2,Butahai,633
634,31.2028365,121.4379074,62 Northridge Park,42.5,Jishi,634
635,59.1930889,18.1475406,6 Summerview Terrace,13.9,Haninge,635
636,-19.9661142,-43.1359542,7 Meadow Ridge Junction,40.6,Rio Piracicaba,636
637,22.916134,114.1002135,91 Gerald Park,84.4,Jiaoyang,637
638,49.3788944,14.7029806,6813 Artisan Avenue,78.8,Sezimovo Ústí,638
639,-33.0095283,-71.2595888,7586 Dapin Center,2.7,Limache,639
640,43.0444596,16.0917932,0918 John Wall Drive,87.0,Komiža,640
641,49.189451,-0.804935,09821 Tennyson Place,77.1,Périgny,641
642,42.2214597,43.9644051,804 Heath Terrace,44.1,Ts’khinvali,642
643,42.5387912,26.6831949,91 Sutteridge Road,91.1,Straldzha,643
644,43.1912783,21.8238023,55 Kingsford Crossing,8.7,Doljevac,644
645,43.4945737,5.8978018,612 Pankratz Street,36.0,Paris 18,645
646,31.1356648,30.1327813,18 Shasta Center,47.6,Kafr ad Dawwār,646
647,-9.7451212,124.6082018,1330 Eagan Trail,10.0,Pisan,647
648,43.3625303,27.1255402,7442 Ohio Pass,81.1,Pliska,648
649,31.839141,103.732815,587 Rieder Crossing,67.2,Shaba,649
650,-12.1450486,96.8217017,37801 Surrey Hill,53.6,West Island,650
651,49.199757,17.4903796,6 Dahle Circle,51.9,Žlutava,651
652,43.701416,7.310776,373 Bunting Trail,28.3,Villefranche-sur-Mer,652
653,55.830186,37.4457899,2 Kensington Crossing,65.6,Krasnyy Oktyabr’,653
654,41.7105857,46.2680965,3 Sullivan Hill,58.6,Qabaqçöl,654
655,4.8271607,-75.6499025,2 Riverside Road,94.0,Dos Quebradas,655
656,-24.8009137,-65.426487,7 Rieder Terrace,83.7,Molinos,656
657,26.085391,119.583599,2 Hayes Road,71.6,Langqi,657
658,-6.2140375,106.8311173,17057 Spohn Way,50.6,Hexing,658
659,31.7566264,-106.4852997,06 Hanson Lane,90.9,El Paso,659
660,-38.951448,-67.993234,92005 Bowman Junction,21.9,Cipolletti,660
661,15.226768,102.496025,42 Caliangt Terrace,33.2,Phimai,661
662,49.9406828,19.7770123,92 Gina Street,32.3,Radziszów,662
663,3.1121428,101.6935065,33 Warbler Pass,51.2,Melaka,663
664,4.6096768,101.1064003,0885 Veith Point,13.8,Ipoh,664
665,18.4762228,-77.8938895,65 Victoria Junction,83.3,Montego Bay,665
666,-32.8337995,-70.5972179,1 Ryan Way,99.6,Los Andes,666
667,27.867118,116.18757,61 Northwestern Junction,41.2,Sunfang,667
668,35.87616,102.801062,8021 Lillian Trail,53.6,Guanting,668
669,40.0058478,-8.2125382,1067 Vermont Road,46.7,Castanheira de Pêra,669
670,13.2606549,123.3710571,34056 Canary Drive,84.5,Macabugos,670
671,39.3552067,21.538589,957 Mandrake Place,22.4,Argithéa,671
672,14.5910759,121.0191013,405 Erie Crossing,52.9,Damayan,672
673,31.03094,103.183075,00 Grover Street,71.0,Wolong,673
674,32.43155,116.514251,2046 Starling Hill,68.9,Mengjia,674
675,34.79925,108.580681,4 Dwight Terrace,25.3,Chunhua,675
676,49.589121,6.257054,0850 Riverside Plaza,98.0,Moutfort,676
677,15.2674321,-88.5420304,74 Rockefeller Crossing,42.8,Casa Quemada,677
678,44.9856696,19.2988999,79252 Novick Park,95.4,Višnjićevo,678
679,45.3125176,19.7556505,55197 Quincy Center,83.1,Rumenka,679
680,0.9073068,123.2559847,477 Helena Court,20.6,Boroko,680
681,-6.813931,108.1784455,18 Logan Pass,26.1,Panyingkiran,681
682,-3.7688094,37.7144645,37 Marcy Junction,18.6,Kwakoa,682
683,-29.9026691,-71.2519374,83 Mendota Way,83.3,La Serena,683
684,6.1360612,10.2572084,08 Drewry Lane,16.8,Belo,684
685,10.4818973,124.0211737,12299 Roth Junction,2.7,Cambanay,685
686,44.2147685,41.5683289,8 Hayes Point,40.1,Udobnaya,686
687,-25.8664184,28.1678543,0583 Onsgard Parkway,35.4,Centurion,687
688,39.9311729,-104.9739333,96 Nevada Pass,54.0,Denver,688
689,36.77549,119.219734,7669 Esch Center,16.8,Hanting,689
690,53.8037886,33.5628446,869 Butterfield Road,1.4,Rognedino,690
691,51.1461168,7.1220857,799 Aberg Drive,80.3,Solingen,691
692,46.3194856,-0.4546217,17 Garrison Center,89.6,Niort,692
693,3.8366437,-75.2245693,3429 Mitchell Junction,26.8,Ortega,693
694,7.0739678,-73.1692652,02 Old Shore Circle,67.0,Girón,694
695,-10.8512419,-36.970226,55 Carberry Plaza,27.1,Barra dos Coqueiros,695
696,-7.267752,112.745253,9287 Kinsman Plaza,20.8,Tais,696
697,18.7597777,-69.0362184,4791 Kenwood Street,23.3,Santa Cruz de El Seibo,697
698,24.561134,112.235945,188 Bay Court,79.1,Woshui,698
699,18.0089836,-76.782702,64267 Meadow Ridge Alley,85.3,New Kingston,699
700,10.668154,125.042795,4192 Mayfield Plaza,8.3,Abuyog,700
701,49.3933184,16.6413357,652 Arkansas Junction,15.1,Ráječko,701
702,14.8823312,120.224318,07 Crest Line Circle,70.0,Subic,702
703,40.608793,115.099494,56 Magdeline Pass,24.9,Xuanhua,703
704,38.5261686,141.0953438,35335 Thackeray Lane,58.8,Shiogama,704
705,49.2101697,15.9883033,964 Shopko Trail,46.3,Vladislav,705
706,50.4119089,16.5148115,904 Nobel Circle,24.0,Polanica-Zdrój,706
707,-19.123139,-64.3223726,79 Ridgeview Junction,3.9,Villa Serrano,707
708,41.2426773,-7.5586322,4974 Lindbergh Pass,12.2,Celeirós,708
709,31.5612018,131.34858,909 Northwestern Circle,38.5,Nichinan,709
710,39.630867,118.180193,82 Garrison Lane,13.9,Tanshan,710
711,52.359151,5.1999127,7 Farmco Terrace,31.4,Terneuzen,711
712,55.6427846,38.008554,79158 Debra Hill,50.4,Malakhovka,712
713,-7.3554007,-35.2258365,153 Rusk Crossing,24.0,Juripiranga,713
714,14.8866729,120.8678329,1 Dahle Lane,58.7,Bañga,714
715,42.707822,47.5641242,917 Main Hill,16.1,Karabudakhkent,715
716,28.1459758,112.9889132,57 Eastwood Point,89.1,Hedao,716
717,35.580662,104.626282,77 Transport Alley,27.1,Dongxi,717
718,40.3912773,-8.2469806,5 Fordem Avenue,64.2,Vale de Açores,718
719,31.215291,118.931012,7271 Lunder Street,6.6,Liqiao,719
720,24.489685,105.093908,458 David Center,63.8,Xilin,720
721,40.052684,20.1581282,57823 Truax Way,90.1,Lazarat,721
722,48.103358,135.672144,8595 Valley Edge Way,40.8,Mukhen,722
723,45.1838373,15.8065454,6 Bultman Center,54.0,Velika Kladuša,723
724,25.0605919,118.522341,05800 Caliangt Pass,55.8,Dongda,724
725,-6.3783847,-41.8004409,174 Blackbird Lane,97.7,Valença do Piauí,725
726,-3.0029841,115.9467997,48023 Monument Terrace,82.8,Kotabaru,726
727,24.77848,110.496593,0858 Prairieview Junction,89.3,Yangshufang,727
728,48.319875,2.683461,719 Knutson Trail,41.1,Moret-sur-Loing,728
729,55.8038507,38.9815138,9 Crownhardt Parkway,60.8,Orekhovo-Zuyevo,729
730,36.0667753,139.6749288,42 Dayton Pass,3.3,Kukichūō,730
731,24.960385,118.386279,70677 Duke Parkway,74.0,Nan’an,731
732,33.844582,115.778676,2 Manitowish Alley,52.5,Bozhou,732
733,9.477773,-84.2662901,020 Stephen Junction,15.2,Parrita,733
734,-6.33731,108.3258329,747 Fair Oaks Lane,17.5,Indramayu,734
735,15.1385669,-23.2066909,7 Forest Run Road,9.8,Vila do Maio,735
736,-6.7076379,111.3709499,5575 Anthes Street,38.1,Tireman Timur,736
737,32.675098,-17.028154,04 Kenwood Crossing,91.0,Campanário,737
738,50.5339443,16.0497864,25 Heffernan Court,10.8,Malé Svatoňovice,738
739,18.4748726,-69.9002083,11710 Sommers Point,16.7,Galván,739
740,49.7241948,20.4545876,63692 Hoepker Alley,82.1,Limanowa,740
741,-37.9779092,-57.5709382,1 Briar Crest Place,12.4,Maipú,741
742,17.9898675,-94.6331656,35 Londonderry Way,50.4,Dante Delgado,742
743,24.130374,110.189462,648 Burning Wood Road,44.2,Jinxiu,743
744,30.368126,102.814531,7 Bayside Point,89.7,Baoxing,744
745,47.5658802,35.7876745,2871 Northwestern Center,49.2,Orikhiv,745
746,14.5752935,100.4508956,488 Heffernan Way,1.0,Ang Thong,746
747,-6.2614858,106.4052541,13 Kinsman Trail,92.9,Cisoka,747
748,20.6589523,-105.2363025,4 Tennyson Hill,74.6,La Aurora,748
749,27.539403,111.353125,51818 Fremont Point,94.8,Sanjian,749
750,23.3790333,113.7632828,5 Coleman Court,68.0,Gongrong,750
751,22.9664576,97.7525352,93297 Tony Avenue,14.6,Lashio,751
752,44.8209481,19.3850911,4560 Ryan Road,58.1,Salaš Crnobarski,752
753,-20.4780364,57.4796981,73315 Sunnyside Alley,41.1,Chamouny,753
754,49.154057,23.0280055,95498 Hanson Road,53.1,Turka,754
755,15.4964006,108.2614775,7 Sloan Street,73.5,Tiên Phước,755
756,22.9758497,90.6962853,7909 Quincy Road,50.5,Rāipur,756
757,11.5448729,104.8921668,6428 Kensington Parkway,1.7,Phnom Penh,757
758,34.681962,-1.900155,79 Manley Hill,35.6,Oujda,758
759,27.785608,116.175802,6090 Swallow Terrace,31.1,Raoshi,759
760,36.13848,36.61247,809 Shoshone Avenue,96.5,Qarqania,760
761,40.3443875,46.9376519,1 Buena Vista Lane,6.9,Terter,761
762,39.953041,116.371207,647 Messerschmidt Terrace,4.5,Zhongying,762
763,28.970079,118.859457,30 Mcguire Street,65.5,Quzhou,763
764,29.099294,119.692696,9387 Riverside Lane,42.0,Jindong,764
765,25.692148,-100.2638682,28 Anniversary Drive,48.0,Santa Fe,765
766,-8.1233399,115.3389332,295 Armistice Terrace,39.5,Banjar Kelodan,766
767,45.7867643,3.1602637,26 Merry Terrace,73.2,Clermont-Ferrand,767
768,34.570012,38.2921653,51272 4th Terrace,38.9,Tadmur,768
769,38.779669,63.8699655,55665 Bellgrove Avenue,15.6,Saýat,769
770,34.24475,62.19165,50 Warrior Pass,4.1,Chahār Burj,770
771,-7.571318,107.810755,908 Hanson Avenue,98.7,Pancalan,771
772,34.2904302,113.3823545,98 Monument Way,35.4,Hetan,772
773,53.2582868,-9.1097137,46 Dahle Avenue,15.2,Bayside,773
774,-8.1669161,112.5991372,08 Rigney Street,70.2,Karangsuko,774
775,-4.8216406,104.8337879,8 Karstens Terrace,66.1,Kotabumi,775
776,14.26297,121.1281849,644 Tennyson Crossing,51.6,Niugan,776
777,-0.819175,120.167297,5118 Westridge Court,21.0,Parigi,777
778,30.311056,112.255583,239 Butternut Court,64.6,Shashi,778
779,49.6877737,37.1778581,6745 Calypso Alley,23.8,Shevchenkove,779
780,-7.8305129,112.0192359,27354 Vahlen Place,85.5,Manola,780
781,38.083437,116.578368,402 Reinke Alley,55.8,Botou,781
782,43.047003,26.3391256,12083 Donald Plaza,21.2,Omurtag,782
783,-6.7084401,111.5736596,4 Golden Leaf Way,59.4,Sendangwaru,783
784,49.4744011,19.6404278,8 Menomonie Terrace,52.4,Lipnica Wielka,784
785,53.3800563,18.946898,54608 Barby Terrace,53.3,Radzyń Chełmiński,785
786,7.1133648,125.6286673,6383 Hoffman Hill,59.4,Labuan,786
787,56.4768137,36.5752249,60 Esch Alley,29.7,Spas-Zaulok,787
788,33.0205233,130.8260172,913 Reinke Way,5.5,Kikuchi,788
789,-7.5450262,111.6556388,03052 Vidon Place,17.4,Krajan,789
790,35.604681,39.8193219,1 Roxbury Place,33.4,At Tibnī,790
791,52.924544,19.092523,83849 Holy Cross Plaza,75.2,Lubin,791
792,-4.1615016,-40.7511885,8 Birchwood Junction,81.6,Guaraciaba do Norte,792
793,7.1453088,3.3590446,206 Declaration Point,85.5,Abeokuta,793
794,-14.9479605,-70.8796276,260 Westridge Circle,83.0,Llalli,794
795,-15.4524821,-47.6093177,160 Eagan Road,23.8,Planaltina,795
796,-16.3607933,-71.5438952,30056 Redwing Avenue,87.7,Ramón Castilla,796
797,-10.1379744,120.1069594,56007 Summit Alley,73.5,Lailunggi,797
798,35.32297,25.39275,8190 Kings Plaza,1.5,Limín Khersonísou,798
799,-21.1661005,27.5143603,08974 Fisk Road,98.6,Francistown,799
800,12.3420676,14.1858272,484 Grasskamp Way,57.0,Ngala,800
801,56.06675,-118.38606,8 Vernon Park,66.8,Fairview,801
802,40.2221306,-8.0122102,51741 Holmberg Road,30.0,Folques,802
803,-23.8431563,-47.7243139,0965 Arapahoe Terrace,56.4,Pilar do Sul,803
804,37.7616723,-25.1607541,38352 Drewry Plaza,85.7,Água Retorta,804
805,25.69498,115.601076,27 Melrose Circle,14.1,Zhuangbu,805
806,-8.4183633,118.616207,75 Express Park,65.7,Manggekompo,806
807,14.4249369,121.4488182,5051 Garrison Parkway,63.0,Halayhayin,807
808,30.898495,118.891482,0547 Parkside Plaza,37.7,Sunbu,808
809,16.877,43.52499,0649 North Plaza,32.0,Sāqayn,809
810,33.440106,119.282994,6659 Duke Lane,97.9,Jiucaizhuang,810
811,9.000538,126.159227,1 Park Meadow Plaza,69.5,Gamut,811
812,-4.1948081,-40.4760325,42 Scofield Junction,68.3,Varjota,812
813,29.454189,119.996847,60002 Dottie Place,66.6,Huangzhai,813
814,15.4855369,105.28083,4 Jay Trail,70.6,Lamduan,814
815,43.0429124,1.9038837,9 Towne Parkway,5.7,Lyon,815
816,40.657978,109.840313,04 Kinsman Way,96.4,Miaotou,816
817,-6.9078713,-36.9111057,26 Jenna Street,47.5,Santa Luzia,817
818,8.4015989,-73.2089979,1192 Spaight Drive,20.5,San Calixto,818
819,14.6927846,121.1100951,6 Bayside Point,59.2,Compostela,819
820,-7.5754887,110.8243272,527 Hansons Point,49.5,Olo,820
821,31.298974,120.585289,3906 Packers Court,73.1,Tuzhu,821
822,44.8657158,16.8537839,0 Pond Street,91.8,Marićka,822
823,39.21485,113.364619,2234 Milwaukee Center,56.4,Xiaruyue,823
824,45.293877,41.0546109,5399 Nova Alley,66.2,Grigoropolisskaya,824
825,19.3789666,-71.831932,0828 Hovde Road,9.4,Carice,825
826,55.6795223,12.5752968,11596 Fairview Park,68.9,København,826
827,-7.5229136,108.0509743,780 Crownhardt Trail,91.2,Parumasan,827
828,31.7711077,119.9742793,1914 Commercial Street,8.6,Jianshe,828
829,36.6512,117.120095,1424 Marcy Point,25.9,Jinan,829
830,0.5299444,123.063975,36 Banding Pass,56.3,Banjar Kampungbugis,830
831,30.987804,34.929741,497 5th Junction,76.0,Yeroẖam,831
832,48.0930765,-4.33096,939 Becker Avenue,96.9,Douarnenez,832
833,55.675114,12.568064,328 Iowa Avenue,98.4,København,833
834,41.450529,121.916465,7 Muir Court,51.7,Qingduizi,834
835,1.3566345,172.9299068,577 Menomonie Place,68.4,Betio Village,835
836,1.5376351,110.321945,52665 Novick Hill,80.5,Kuching,836
837,45.26678,-73.61588,84 Hallows Hill,26.5,Saint-Rémi,837
838,-9.113585,-37.119659,61 Northland Trail,7.9,Águas Belas,838
839,46.301744,4.797057,619 Chinook Junction,60.6,Mâcon,839
840,38.465785,106.278153,0 Morrow Crossing,57.8,Majiao,840
841,8.0882791,-63.5535552,80 Canary Park,66.6,Ciudad Bolívar,841
842,15.1503549,120.8129183,83 Maryland Park,34.2,Candating,842
843,23.105394,113.874335,188 Loeprich Road,12.8,Shilong,843
844,59.3690089,17.8782517,82 Michigan Lane,15.8,Timrå,844
845,12.3958358,99.8571416,723 Towne Point,19.0,Prachuap Khiri Khan,845
846,29.584292,111.380014,88717 Welch Road,11.2,Shimen,846
847,-3.366667,33.95,23285 Bartillon Center,58.6,Somanda,847
848,38.2887838,-8.0376603,03 Golden Leaf Hill,23.2,Vila Nova da Baronia,848
849,37.9133273,139.0158281,00 Lakeland Avenue,25.2,Niigata-shi,849
850,51.5004971,4.2864439,476 Marcy Trail,39.5,Bergen op Zoom,850
851,43.4945737,5.8978018,458 Straubel Court,87.0,Paris 01,851
852,29.780431,121.411468,06 Maryland Center,51.7,Dongqiao,852
853,-7.1617465,-78.5127855,6 Daystar Park,20.3,Cajamarca,853
854,-0.1806532,-78.4678382,4 Westridge Crossing,64.8,Quito,854
855,50.5982316,17.3802606,09098 Crest Line Road,20.4,Skoroszyce,855
856,25.710538,116.754472,09108 5th Parkway,25.4,Liancheng,856
857,49.6805192,19.7822663,72 Hayes Hill,70.9,Osielec,857
858,56.0711371,89.0001154,670 Linden Pass,29.1,Itatskiy,858
859,-12.3625094,-76.2272716,89 Pankratz Circle,3.4,Quinocay,859
860,43.7441795,2.511999,1199 Rusk Plaza,81.9,Marseille,860
861,33.540837,35.5862413,4279 Stone Corner Lane,95.4,Jezzîne,861
862,23.0872891,113.295336,873 Paget Pass,38.0,Ronggui,862
863,-6.8348685,110.6735079,9744 Straubel Hill,74.9,Turirejo,863
864,42.7723725,23.3143163,30 Veith Point,1.9,Lyubimets,864
865,40.6230031,19.4690444,99127 Bashford Street,26.7,Novoselë,865
866,-34.6507337,-58.4114593,0 Ruskin Way,22.8,Cachí,866
867,-7.3646327,107.5505152,4 Little Fleur Road,32.7,Cisewu,867
868,40.5567316,-8.692591,7765 Eliot Junction,19.1,Vagos,868
869,40.3443875,46.9376519,319 Lotheville Pass,25.0,Terter,869
870,37.955893,23.7020975,18 Colorado Park,65.3,Kallithéa,870
871,34.34099,69.4377,098 Holmberg Plaza,99.2,Chakaray,871
872,48.2044234,5.942257,4 Kipling Terrace,97.0,Vittel,872
873,-5.3811326,-49.1331046,61 Nova Plaza,50.8,Marabá,873
874,48.4339701,0.098598,367 International Trail,74.4,Alençon,874
875,44.4186959,17.0868199,72003 Randy Park,30.5,Mrkonjić Grad,875
876,-22.5506487,-48.5787728,40 Oak Valley Drive,71.6,Igaraçu do Tietê,876
877,8.3048218,-80.5569566,3 Blue Bill Park Alley,92.1,Capellanía,877
878,7.45,2.85,194 Gateway Lane,53.4,Mekkaw,878
879,4.815554,7.0498442,219 Monterey Plaza,77.5,Port Harcourt,879
880,-8.264058,112.9475835,34448 Fallview Way,63.2,Kaliuling,880
881,41.11023,20.0866554,5624 Corscot Terrace,83.9,Elbasan,881
882,41.6429311,-8.1464077,4320 North Terrace,7.6,Telhado,882
883,-6.5816014,111.0683954,20169 Becker Lane,72.7,Margotuhu Kidul,883
884,-38.7445218,-72.9482281,53860 Scoville Terrace,16.2,Nueva Imperial,884
885,-3.3186067,114.5943784,7366 West Pass,33.9,Banjarmasin,885
886,27.2391407,108.9329091,4230 Oakridge Plaza,63.0,Yangqiao,886
887,-14.2908,-72.044647,182 Rutledge Alley,46.8,Colquemarca,887
888,48.3920947,10.8553557,0 Bluestem Park,33.7,Augsburg,888
889,8.9215342,117.5532603,4 Susan Lane,93.0,Panalingaan,889
890,-9.509728,124.356201,7601 Chive Trail,27.1,Noeltoko,890
891,23.07555,112.007814,0 Lakewood Alley,4.1,Liudu,891
892,29.677333,104.747254,189 Welch Center,64.0,Xiajiashan,892
893,17.7524749,120.466907,74 Tennessee Junction,50.4,Caronoan West,893
894,-0.4277809,36.9433591,8 Oriole Lane,68.4,Nyeri,894
895,-23.9949104,-46.2568758,4802 Jay Crossing,74.5,Guarujá,895
896,59.3319489,18.0221451,09 Derek Court,58.6,Stockholm,896
897,57.2729741,13.7943986,2584 Mendota Crossing,66.1,Gnosjö,897
898,34.7577423,-2.432221,84113 Novick Avenue,30.2,Rislane,898
899,5.4829423,-74.4604064,64248 Forest Dale Lane,20.2,Caparrapí,899
900,1.7174656,44.7686135,07964 East Center,88.3,Marka,900
901,-6.3398714,108.2970692,44 Hansons Alley,98.5,Sindang,901
902,-6.2736138,106.6717451,870 Golf View Hill,63.5,Wadi Kidul,902
903,54.9751557,82.8637405,33280 Fairview Avenue,35.9,Petropavlovskaya,903
904,48.5347071,7.6370168,95184 Roxbury Trail,52.4,Strasbourg,904
905,9.5488889,-79.6530174,162 Northridge Parkway,19.6,Portobelo,905
906,-8.8313638,121.8363339,625 Veith Terrace,73.7,Pora,906
907,5.934363,-73.615679,21164 Jenifer Trail,6.8,Barbosa,907
908,-7.1234674,111.8479156,13 Memorial Avenue,65.3,Sumberrejo,908
909,49.0998215,17.757483,39416 Eastwood Road,25.5,Luhačovice,909
910,-10.0828864,124.1253751,010 Sage Circle,28.0,Oemofa,910
911,40.97465,117.943348,9 Westridge Alley,37.9,Shuangqiao,911
912,34.759314,108.992603,17186 Elmside Plaza,89.8,Lingqian,912
913,10.9089364,-13.0299331,617 Nancy Pass,90.0,Télimélé,913
914,42.9577803,19.0943627,70 Kim Way,83.3,Šavnik,914
915,38.4664687,-9.0952451,4524 Monument Place,24.1,Sampaio,915
916,58.9482486,23.5370533,977 Nelson Trail,80.6,Haapsalu,916
917,14.90806,49.94778,9 Ridgeway Hill,13.9,Ad Dīs ash Sharqīyah,917
918,22.817002,108.366543,36 Nova Junction,68.7,Nanning,918
919,36.7252955,24.4447587,7440 Stoughton Pass,33.0,Adámas,919
920,12.2200003,123.4869995,24 Lakewood Gardens Point,77.8,Magsalangi,920
921,31.2028365,121.4379074,332 North Pass,65.2,Jishi,921
922,-8.8047883,119.9624902,34 Dahle Place,44.6,Nangabere,922
923,25.112046,99.161761,270 Eastlawn Pass,86.1,Baoshan,923
924,38.253338,109.503758,86412 Maywood Trail,67.6,Hongdun,924
925,13.9894141,121.1394301,0 Rowland Alley,91.0,Bulacnin,925
926,-22.4231821,-45.4535162,16 Village Way,49.3,Itajubá,926
927,-8.553113,122.0155491,6 Talmadge Circle,30.8,Magepanda,927
928,38.0970415,21.4183073,85234 Redwing Avenue,62.4,Lápas,928
929,55.8038507,38.9815138,792 Atwood Court,12.7,Orekhovo-Zuyevo,929
930,-2.4204637,-79.3437394,3440 Kennedy Circle,1.7,La Troncal,930
931,41.2687996,20.5931318,125 Lotheville Junction,7.9,Лабуништа,931
932,50.0637682,29.9049684,97060 2nd Alley,67.6,Fastiv,932
933,-6.8229172,111.3545546,879 Kipling Plaza,56.3,Lambangan Kulon,933
934,24.1838881,120.617471,88803 Algoma Pass,96.2,Tongqian,934
935,50.2689038,17.2529709,984 Messerschmidt Pass,5.6,Písečná,935
936,53.1907306,15.2027243,04 American Ash Court,31.4,Dolice,936
937,57.8721328,54.7288281,2 Ruskin Junction,45.5,Ochër,937
938,34.0693432,134.1459167,0 Clarendon Avenue,66.6,Wakimachi,938
939,49.8905368,2.3081396,0 Old Gate Alley,13.2,Amiens,939
940,-21.953253,-48.0006076,4099 Westridge Plaza,38.8,Ibaté,940
941,-27.9094431,-53.3122927,8836 Warner Avenue,97.5,Palmeira das Missões,941
942,29.325298,95.333197,960 Forest Run Street,96.5,Motuo,942
943,40.6236168,47.7403034,3001 Longview Junction,60.4,Geoktschai,943
944,53.5871,27.0535,7 Pierstorff Center,9.4,Enyerhyetykaw,944
945,-12.266667,-74.95,191 Schlimgen Hill,39.7,Huaribamba,945
946,-12.7772947,-38.9211273,080 Oak Valley Terrace,79.4,Maragogipe,946
947,47.5054315,6.8426821,4230 Hagan Street,55.4,Sochaux,947
948,41.1276055,-8.64789,3493 Luster Court,4.6,Barroco,948
949,47.0202503,-68.1435021,2 Basil Hill,81.8,Stockholm,949
950,-2.688962,111.622398,08 Havey Parkway,10.1,Pangkalan,950
951,15.4097396,104.9201205,1 Scott Lane,31.7,Lao Suea Kok,951
952,55.9496102,38.0865214,59482 Kennedy Junction,5.1,Grebnevo,952
953,-18.6236377,26.8615857,00292 Wayridge Plaza,43.9,Dete,953
954,39.63549,112.109567,881 Mendota Point,39.9,Shuangnian,954
955,-12.417342,-38.7158702,185 Sutteridge Lane,68.1,Conceição do Jacuípe,955
956,66.1204228,76.6925385,69 Crownhardt Point,50.3,Novyy Urengoy,956
957,50.1082363,18.4301703,6795 Melrose Way,57.6,Szczerbice,957
958,51.6711341,20.1795118,9315 Browning Circle,20.1,Czerniewice,958
959,20.995464,106.3346061,67262 Northland Place,33.3,Nam Sách,959
960,10.3840217,11.0966373,56 Mayfield Hill,94.4,Kafarati,960
961,-19.2580383,-42.4331624,77553 Green Ridge Parkway,11.5,Belo Oriente,961
962,50.3611702,13.7024033,38 Bunting Parkway,3.8,Postoloprty,962
963,32.060255,118.796877,7729 1st Plaza,3.4,Nankengzi,963
964,-6.9940246,112.825447,14406 Russell Point,57.9,Perreng,964
965,26.117104,113.114914,33 Birchwood Lane,67.8,Yongxing Chengguanzhen,965
966,40.256729,115.474295,34902 Morning Junction,24.9,Toubao,966
967,40.882377,122.685217,47 Dayton Trail,97.2,Heicheng,967
968,49.8545281,18.6057328,9 Chinook Court,49.2,Zebrzydowice,968
969,32.7324624,36.0621579,081 School Way,98.4,Ţafas,969
970,47.299613,125.930865,7 Toban Pass,84.4,Tongquan,970
971,28.598454,111.786109,5171 Sachs Terrace,22.3,Luojiaping,971
972,12.9029999,123.2470016,69912 Hazelcrest Way,95.3,Mabiton,972
973,25.130594,109.768451,87332 Brickson Park Alley,31.5,Jiuxian,973
974,-20.0791909,30.8384093,28 Meadow Ridge Junction,57.4,Masvingo,974
975,27.2578957,33.8116067,17 Nevada Alley,30.5,Hurghada,975
976,2.9363162,97.6385368,5768 Claremont Park,31.8,Pulopaya,976
977,37.659013,109.339497,2868 Golf View Alley,58.5,Shiyaogou,977
978,35.0011797,34.0474348,16 Mandrake Drive,8.4,Protaras,978
979,-6.7047548,111.1280093,5398 Mandrake Lane,3.8,Bakaran Kulon,979
980,48.8168007,2.6402346,010 Bayside Point,62.6,Marne-la-Vallée,980
981,41.5281384,2.1143422,40657 Jenifer Court,70.0,Sabadell,981
982,48.5129473,2.6780176,85383 Mesta Way,98.3,Melun,982
983,-7.5450262,111.6556388,1 American Ash Hill,62.2,Krajan,983
984,38.235041,115.726317,94 Larry Trail,7.7,Maying,984
985,3.7187884,103.1357512,0 Ruskin Court,92.3,Gambang,985
986,20.9570351,-75.7197039,5 Maywood Place,23.1,Banes,986
987,45.3180513,42.846668,49 Brickson Park Crossing,91.3,Svetlograd,987
988,59.902198,30.337848,332 Heath Parkway,60.1,Kizlyar,988
989,-7.633333,108.133333,67 Kim Road,51.2,Ciawitali,989
990,48.5443793,25.7418469,5 Susan Park,55.0,Verenchanka,990
991,39.9947462,116.3397725,1 Pine View Pass,57.8,Xijiao,991
992,51.9109552,29.9994415,530 Texas Hill,63.5,Khoyniki,992
993,-22.72125,27.31057,7 Milwaukee Avenue,70.0,Mathakola,993
994,-7.394667,112.6737856,831 Sheridan Place,41.7,Sukodono,994
995,-8.7080752,115.1808171,71 Johnson Junction,44.0,Banjar Bali,995
996,14.08181,-85.994003,8751 Macpherson Park,22.9,Las Trojes,996
997,49.4023766,20.3031211,8040 Vermont Hill,29.0,Niedzica,997
998,32.707997,110.341615,9 Coolidge Hill,60.3,Baoxia,998
999,56.5303315,37.5975489,9418 Wayridge Alley,91.0,Verbilki,999
1000,18.029454,33.9917222,695 Fairfield Alley,42.8,Berber,1000
